INSERT INTO classifications (id, classification_by_utility) VALUES (1, 'ORNAMENTAL');
INSERT INTO classifications (id, classification_by_utility) VALUES (2, 'FORESTAL');
INSERT INTO classifications (id, classification_by_utility) VALUES (3, 'INDUSTRIAL');
INSERT INTO classifications (id, classification_by_utility) VALUES (4, 'ALIMENTICIA');
INSERT INTO classifications (id, classification_by_utility) VALUES (5, 'MEDICINAL');
INSERT INTO classifications (id, classification_by_utility) VALUES (6, 'EXÓTICA');
INSERT INTO classifications (id, classification_by_utility) VALUES (7, 'CACTU');
INSERT INTO classifications (id, classification_by_utility) VALUES (8, 'FRUTAL');
INSERT INTO classifications (id, classification_by_utility) VALUES (9, 'CRASA');
INSERT INTO classifications (id, classification_by_utility) VALUES (10, 'SUCULENTA');

INSERT INTO identifications (id, common_name, scientific_name, family) VALUES (1, 'acaria orrida', 'acacia orrida', 'fabaceae');
INSERT INTO identifications (id, common_name, scientific_name, family) VALUES (2, 'agave', 'agave tequilero', 'asparagaceae');
INSERT INTO identifications (id, common_name, scientific_name, first_letter_lastname, family) VALUES (3, 'aji ornamental', 'capsicum annuum', 'l', 'solanaceae');
INSERT INTO identifications (id, common_name, scientific_name, family) VALUES (4, 'ajuga', 'ajuga reptans', 'lamiaceae');
INSERT INTO identifications (id, common_name, scientific_name, family) VALUES (5, 'alamo', 'populus x canadensis moench', 'solanaceae');
INSERT INTO identifications (id, common_name, scientific_name, family) VALUES (6, 'aloe', 'aloe barbadensis var. chinensis', 'asphodelaceae');
INSERT INTO identifications (id, common_name, scientific_name, family) VALUES (7, 'amarilis', 'hippeastrum spp', 'amaryllidaceae');
INSERT INTO identifications (id, common_name, scientific_name, family) VALUES (8, 'amor de hombre', 'trasdecantia pallida', 'commelinaceae');
INSERT INTO identifications (id, common_name, scientific_name, family) VALUES (9, 'anturio', 'anthurium andreanum', 'araceae');
INSERT INTO identifications (id, common_name, scientific_name, family) VALUES (10, 'anturio gigante', 'anthurium andreanum', 'araceae');
INSERT INTO identifications (id, common_name, scientific_name, family) VALUES (11, 'aspidastra', 'aspidiastra elatior', 'ruscaceae');
INSERT INTO identifications (id, common_name, scientific_name, family) VALUES (12, 'begonia rex', 'begonia rex', 'begoniaceae');
INSERT INTO identifications (id, common_name, scientific_name, family) VALUES (13, 'begonias tuberosa', 'begonia x tuberhybrida', 'begoniaceae');
INSERT INTO identifications (id, common_name, scientific_name, family) VALUES (14, 'bingo de oro', 'duranta erecta', 'verbenaceae');
INSERT INTO identifications (id, common_name, scientific_name, first_letter_lastname, family) VALUES (15, 'bouquet de novia', 'plumeria rubra', 'l', 'apocynaceae');
INSERT INTO identifications (id, common_name, scientific_name, family) VALUES (16, 'brachichito', 'brachychiton populneus', 'malvaceae');
INSERT INTO identifications (id, common_name, scientific_name, family) VALUES (17, 'bromelia', 'bromelia adams', 'bromeliaceae');
INSERT INTO identifications (id, common_name, scientific_name, family) VALUES (18, 'buganvilla', 'boungainvillea spectabilis willd', 'nyctaginaceae');
INSERT INTO identifications (id, common_name, scientific_name, family) VALUES (19, 'chacatea', 'dodonaea viscosa', 'sapindaceae');
INSERT INTO identifications (id, common_name, scientific_name, family) VALUES (20, 'cheflera', 'schefflera arboricola', 'araliaceae');
INSERT INTO identifications (id, common_name, scientific_name, family) VALUES (21, 'chilijchi ceibo', 'erythrina falcata', 'fabaceae');

INSERT INTO identifications_classifications(identification_id, classification_id) VALUES (1, 1);
INSERT INTO identifications_classifications(identification_id, classification_id) VALUES (2, 2);
INSERT INTO identifications_classifications(identification_id, classification_id) VALUES (3, 3);
INSERT INTO identifications_classifications(identification_id, classification_id) VALUES (4, 4);
INSERT INTO identifications_classifications(identification_id, classification_id) VALUES (5, 5);
INSERT INTO identifications_classifications(identification_id, classification_id) VALUES (6, 6);
INSERT INTO identifications_classifications(identification_id, classification_id) VALUES (7, 7);
INSERT INTO identifications_classifications(identification_id, classification_id) VALUES (8, 8);
INSERT INTO identifications_classifications(identification_id, classification_id) VALUES (9, 9);
INSERT INTO identifications_classifications(identification_id, classification_id) VALUES (10, 10);
INSERT INTO identifications_classifications(identification_id, classification_id) VALUES (11, 1);
INSERT INTO identifications_classifications(identification_id, classification_id) VALUES (12, 1);
INSERT INTO identifications_classifications(identification_id, classification_id) VALUES (13, 3);
INSERT INTO identifications_classifications(identification_id, classification_id) VALUES (14, 4);
INSERT INTO identifications_classifications(identification_id, classification_id) VALUES (15, 5);
INSERT INTO identifications_classifications(identification_id, classification_id) VALUES (16, 6);
INSERT INTO identifications_classifications(identification_id, classification_id) VALUES (17, 7);
INSERT INTO identifications_classifications(identification_id, classification_id) VALUES (18, 8);
INSERT INTO identifications_classifications(identification_id, classification_id) VALUES (19, 9);
INSERT INTO identifications_classifications(identification_id, classification_id) VALUES (20, 10);
INSERT INTO identifications_classifications(identification_id, classification_id) VALUES (21, 1);

INSERT INTO ornamental_plants(id, identification_id, url_image, status) VALUES (1, 1, 'one', 'AVAILABLE');
INSERT INTO ornamental_plants(id, identification_id, url_image, status) VALUES (2, 2, 'two', 'IN_CONSERVATION');
INSERT INTO ornamental_plants(id, identification_id, url_image, status) VALUES (3, 3, 'three', 'IN_CONSERVATION');
INSERT INTO ornamental_plants(id, identification_id, url_image, status) VALUES (4, 4, 'four', 'NON_EXISTENT');
INSERT INTO ornamental_plants(id, identification_id, url_image, status) VALUES (5, 5, 'five', 'NON_EXISTENT');
INSERT INTO ornamental_plants(id, identification_id, url_image, status) VALUES (6, 6, 'six', 'IN_CONSERVATION');
INSERT INTO ornamental_plants(id, identification_id, url_image, status) VALUES (7, 7, 'seven', 'IN_CONSERVATION');
INSERT INTO ornamental_plants(id, identification_id, url_image, status) VALUES (8, 8, 'eight', 'AVAILABLE');
INSERT INTO ornamental_plants(id, identification_id, url_image, status) VALUES (9, 9, 'nine', 'AVAILABLE');
INSERT INTO ornamental_plants(id, identification_id, url_image, status) VALUES (10, 10, 'ten', 'IN_CONSERVATION');
INSERT INTO ornamental_plants(id, identification_id, url_image, status) VALUES (11, 11, 'eleven', 'IN_CONSERVATION');
INSERT INTO ornamental_plants(id, identification_id, url_image, status) VALUES (12, 12, 'twelve', 'NON_EXISTENT');
INSERT INTO ornamental_plants(id, identification_id, url_image, status) VALUES (13, 13, 'thirteen', 'IN_CONSERVATION');
INSERT INTO ornamental_plants(id, identification_id, url_image, status) VALUES (14, 14, 'fourteen', 'AVAILABLE');
INSERT INTO ornamental_plants(id, identification_id, url_image, status) VALUES (15, 15, 'one', 'AVAILABLE');
INSERT INTO ornamental_plants(id, identification_id, url_image, status) VALUES (16, 16, 'two', 'AVAILABLE');
INSERT INTO ornamental_plants(id, identification_id, url_image, status) VALUES (17, 17, 'three', 'AVAILABLE');
INSERT INTO ornamental_plants(id, identification_id, url_image, status) VALUES (18, 18, 'four', 'IN_CONSERVATION');
INSERT INTO ornamental_plants(id, identification_id, url_image, status) VALUES (19, 19, 'five', 'NON_EXISTENT');
INSERT INTO ornamental_plants(id, identification_id, url_image, status) VALUES (20, 20, 'six', 'IN_CONSERVATION');
INSERT INTO ornamental_plants(id, identification_id, url_image, status) VALUES (21, 21, 'seven', 'AVAILABLE');