INSERT INTO classifications (id, classification_by_utility) VALUES (1, 'ORNAMENTAL');
INSERT INTO classifications (id, classification_by_utility) VALUES (2, 'FORESTAL');
INSERT INTO classifications (id, classification_by_utility) VALUES (3, 'INDUSTRIAL');
INSERT INTO classifications (id, classification_by_utility) VALUES (4, 'ALIMENTICIA');
INSERT INTO classifications (id, classification_by_utility) VALUES (5, 'MEDICINAL');
INSERT INTO classifications (id, classification_by_utility) VALUES (6, 'EXÓTICA');
INSERT INTO classifications (id, classification_by_utility) VALUES (7, 'CACTU');
INSERT INTO classifications (id, classification_by_utility) VALUES (8, 'FRUTAL');
INSERT INTO classifications (id, classification_by_utility) VALUES (9, 'CRASA');
INSERT INTO classifications (id, classification_by_utility) VALUES (10, 'SUCULENTA');

INSERT INTO identifications (id, common_name, scientific_name, family) VALUES (1, 'Acaria orrida', 'Acacia orrida', 'Fabaceae');
INSERT INTO identifications (id, common_name, scientific_name, family) VALUES (2, 'Agave', 'Agave tequilero', 'Asparagaceae');
INSERT INTO identifications (id, common_name, scientific_name, family) VALUES (3, 'Aji ornamental', 'Capsicum annuum L.', 'Solanaceae');
INSERT INTO identifications (id, common_name, scientific_name, family) VALUES (4, 'Ajuga', 'Ajuga reptans', 'Lamiaceae');
INSERT INTO identifications (id, common_name, scientific_name, family) VALUES (5, 'Alamo', 'Populus x canadensis moench', 'Solanaceae');
INSERT INTO identifications (id, common_name, scientific_name, family) VALUES (6, 'Aloe', 'Aloe barbadensis var. chinensis', 'Asphodelaceae');
INSERT INTO identifications (id, common_name, scientific_name, family) VALUES (7, 'Amarilis', 'Hippeastrum spp', 'Amaryllidaceae');
INSERT INTO identifications (id, common_name, scientific_name, family) VALUES (8, 'Amor de hombre', 'Trasdecantia pallida', 'Commelinaceae');
INSERT INTO identifications (id, common_name, scientific_name, family) VALUES (9, 'Anturio', 'Anthurium andreanum', 'Araceae');
INSERT INTO identifications (id, common_name, scientific_name, family) VALUES (10 , 'Anturio gigante', 'Anthurium andreanum', 'Araceae');
INSERT INTO identifications (id, common_name, scientific_name, family) VALUES (11 , 'Aspidastra', 'Aspidiastra elatior', 'Ruscaceae');
INSERT INTO identifications (id, common_name, scientific_name, family) VALUES (12, 'Begonia rex', 'Begonia rex', 'Begoniaceae');
INSERT INTO identifications (id, common_name, scientific_name, family) VALUES (13, 'Begonias tuberosa', 'Begonia x tuberhybrida', 'Begoniaceae');
INSERT INTO identifications (id, common_name, scientific_name, family) VALUES (14, 'Bingo de oro', 'Duranta erecta', 'Verbenaceae');
INSERT INTO identifications (id, common_name, scientific_name, family) VALUES (15, 'Bouquet de novia', 'Plumeria rubra L.', 'Apocynaceae');
INSERT INTO identifications (id, common_name, scientific_name, family) VALUES (16, 'Brachichito', 'Brachychiton populneus', 'Malvaceae');
INSERT INTO identifications (id, common_name, scientific_name, family) VALUES (17, 'Bromelia', 'Bromelia adams', 'Bromeliaceae');
INSERT INTO identifications (id, common_name, scientific_name, family) VALUES (18, 'Buganvilla', 'Boungainvillea spectabilis willd', 'Nyctaginaceae');
INSERT INTO identifications (id, common_name, scientific_name, family) VALUES (19, 'Chacatea', 'Dodonaea viscosa', 'Sapindaceae');
INSERT INTO identifications (id, common_name, scientific_name, family) VALUES (20, 'Cheflera', 'Schefflera arboricola',	'Araliaceae');
INSERT INTO identifications (id, common_name, scientific_name, family) VALUES (21, 'Chilijchi ceibo', 'Erythrina falcata', 'Fabaceae');

INSERT INTO identifications_classifications(identification_id, classification_id) VALUES (1, 1);
INSERT INTO identifications_classifications(identification_id, classification_id) VALUES (2, 2);
INSERT INTO identifications_classifications(identification_id, classification_id) VALUES (3, 3);
INSERT INTO identifications_classifications(identification_id, classification_id) VALUES (4, 4);
INSERT INTO identifications_classifications(identification_id, classification_id) VALUES (5, 5);
INSERT INTO identifications_classifications(identification_id, classification_id) VALUES (6, 6);
INSERT INTO identifications_classifications(identification_id, classification_id) VALUES (7, 7);
INSERT INTO identifications_classifications(identification_id, classification_id) VALUES (8, 8);
INSERT INTO identifications_classifications(identification_id, classification_id) VALUES (9, 9);
INSERT INTO identifications_classifications(identification_id, classification_id) VALUES (10, 10);
INSERT INTO identifications_classifications(identification_id, classification_id) VALUES (11, 1);
INSERT INTO identifications_classifications(identification_id, classification_id) VALUES (12, 1);
INSERT INTO identifications_classifications(identification_id, classification_id) VALUES (13, 3);
INSERT INTO identifications_classifications(identification_id, classification_id) VALUES (14, 4);
INSERT INTO identifications_classifications(identification_id, classification_id) VALUES (15, 5);
INSERT INTO identifications_classifications(identification_id, classification_id) VALUES (16, 6);
INSERT INTO identifications_classifications(identification_id, classification_id) VALUES (17, 7);
INSERT INTO identifications_classifications(identification_id, classification_id) VALUES (18, 8);
INSERT INTO identifications_classifications(identification_id, classification_id) VALUES (19, 9);
INSERT INTO identifications_classifications(identification_id, classification_id) VALUES (20, 10);
INSERT INTO identifications_classifications(identification_id, classification_id) VALUES (21, 1);

INSERT INTO ornamental_plants(id, identification_id, url_image, in_conservation) VALUES (1, 1, 'one', true);
INSERT INTO ornamental_plants(id, identification_id, url_image, in_conservation) VALUES (2, 2, 'two', false);
INSERT INTO ornamental_plants(id, identification_id, url_image, in_conservation) VALUES (3, 3, 'three', false);
INSERT INTO ornamental_plants(id, identification_id, url_image, in_conservation) VALUES (4, 4, 'four', false);
INSERT INTO ornamental_plants(id, identification_id, url_image, in_conservation) VALUES (5, 5, 'five', false);
INSERT INTO ornamental_plants(id, identification_id, url_image, in_conservation) VALUES (6, 6, 'six', false);
INSERT INTO ornamental_plants(id, identification_id, url_image, in_conservation) VALUES (7, 7, 'seven', false);
INSERT INTO ornamental_plants(id, identification_id, url_image, in_conservation) VALUES (8, 8, 'eight', true);
INSERT INTO ornamental_plants(id, identification_id, url_image, in_conservation) VALUES (9, 9, 'nine', true);
INSERT INTO ornamental_plants(id, identification_id, url_image, in_conservation) VALUES (10, 10, 'ten', false);
INSERT INTO ornamental_plants(id, identification_id, url_image, in_conservation) VALUES (11, 11, 'eleven', false);
INSERT INTO ornamental_plants(id, identification_id, url_image, in_conservation) VALUES (12, 12, 'twelve', false);
INSERT INTO ornamental_plants(id, identification_id, url_image, in_conservation) VALUES (13, 13, 'thirteen', false);
INSERT INTO ornamental_plants(id, identification_id, url_image, in_conservation) VALUES (14, 14, 'fourteen', true);
INSERT INTO ornamental_plants(id, identification_id, url_image, in_conservation) VALUES (15, 15, 'one', true);
INSERT INTO ornamental_plants(id, identification_id, url_image, in_conservation) VALUES (16, 16, 'two', true);
INSERT INTO ornamental_plants(id, identification_id, url_image, in_conservation) VALUES (17, 17, 'three', false);
INSERT INTO ornamental_plants(id, identification_id, url_image, in_conservation) VALUES (18, 18, 'four', false);
INSERT INTO ornamental_plants(id, identification_id, url_image, in_conservation) VALUES (19, 19, 'five', false);
INSERT INTO ornamental_plants(id, identification_id, url_image, in_conservation) VALUES (20, 20, 'six', false);
INSERT INTO ornamental_plants(id, identification_id, url_image, in_conservation) VALUES (21, 21, 'seven', true);