INSERT INTO classifications (id, classification_by_utility) values (1, 'ORNAMENTAL');
INSERT INTO classifications (id, classification_by_utility) values (2, 'FORESTAL');
INSERT INTO classifications (id, classification_by_utility) values (3, 'INDUSTRIAL');
INSERT INTO classifications (id, classification_by_utility) values (4, 'ALIMENTICIA');
INSERT INTO classifications (id, classification_by_utility) values (5, 'MEDICINAL');
INSERT INTO classifications (id, classification_by_utility) values (6, 'EXÓTICA');
INSERT INTO classifications (id, classification_by_utility) values (7, 'CACTU');
INSERT INTO classifications (id, classification_by_utility) values (8, 'FRUTAL');
INSERT INTO classifications (id, classification_by_utility) values (9, 'CRASA');
INSERT INTO classifications (id, classification_by_utility) values (10, 'SUCULENTA');

INSERT INTO identifications (id, common_name, scientific_name, family) VALUES (1, 'Acaria orrida', 'Acacia orrida', 'Fabaceae');
INSERT INTO identifications (id, common_name, scientific_name, family) VALUES (2, 'Agave', 'Agave tequilero', 'Asparagaceae');
INSERT INTO identifications (id, common_name, scientific_name, family) VALUES (3, 'Aji ornamental', 'Capsicum annuum L.', 'Solanaceae');
INSERT INTO identifications (id, common_name, scientific_name, family) VALUES (4, 'Ajuga', 'Ajuga reptans', 'Lamiaceae');
INSERT INTO identifications (id, common_name, scientific_name, family) VALUES (5, 'Alamo', 'Populus x canadensis moench', 'Solanaceae');
INSERT INTO identifications (id, common_name, scientific_name, family) VALUES (6, 'Aloe', 'Aloe barbadensis var. chinensis', 'Asphodelaceae');
INSERT INTO identifications (id, common_name, scientific_name, family) VALUES (7, 'Amarilis', 'Hippeastrum spp', 'Amaryllidaceae');
INSERT INTO identifications (id, common_name, scientific_name, family) VALUES (8, 'Amor de hombre', 'Trasdecantia pallida', 'Commelinaceae');
INSERT INTO identifications (id, common_name, scientific_name, family) VALUES (9, 'Anturio', 'Anthurium andreanum', 'Araceae');
INSERT INTO identifications (id, common_name, scientific_name, family) VALUES (10 , 'Anturio gigante', 'Anthurium andreanum', 'Araceae');
INSERT INTO identifications (id, common_name, scientific_name, family) VALUES (11 , 'Aspidastra', 'Aspidiastra elatior', 'Ruscaceae');
INSERT INTO identifications (id, common_name, scientific_name, family) VALUES (12, 'Begonia rex', 'Begonia rex', 'Begoniaceae');
INSERT INTO identifications (id, common_name, scientific_name, family) VALUES (13, 'Begonias tuberosa', 'Begonia x tuberhybrida', 'Begoniaceae');
INSERT INTO identifications (id, common_name, scientific_name, family) VALUES (14, 'Bingo de oro', 'Duranta erecta', 'Verbenaceae');

INSERT INTO ornamental_plants(id, identification_id, url_image, in_conservation) VALUES (1, 1, 'one', true);
INSERT INTO ornamental_plants(id, identification_id, url_image, in_conservation) VALUES (2, 2, 'two', false);
INSERT INTO ornamental_plants(id, identification_id, url_image, in_conservation) VALUES (3, 3, 'three', false);
INSERT INTO ornamental_plants(id, identification_id, url_image, in_conservation) VALUES (4, 4, 'four', false);
INSERT INTO ornamental_plants(id, identification_id, url_image, in_conservation) VALUES (5, 5, 'five', false);
INSERT INTO ornamental_plants(id, identification_id, url_image, in_conservation) VALUES (6, 6, 'six', false);
INSERT INTO ornamental_plants(id, identification_id, url_image, in_conservation) VALUES (7, 7, 'seven', false);
INSERT INTO ornamental_plants(id, identification_id, url_image, in_conservation) VALUES (8, 8, 'eight', true);
INSERT INTO ornamental_plants(id, identification_id, url_image, in_conservation) VALUES (9, 9, 'nine', true);
INSERT INTO ornamental_plants(id, identification_id, url_image, in_conservation) VALUES (10, 10, 'ten', false);
INSERT INTO ornamental_plants(id, identification_id, url_image, in_conservation) VALUES (11, 11, 'eleven', false);
INSERT INTO ornamental_plants(id, identification_id, url_image, in_conservation) VALUES (12, 12, 'twelve', false);
INSERT INTO ornamental_plants(id, identification_id, url_image, in_conservation) VALUES (13, 13, 'thirteen', false);
INSERT INTO ornamental_plants(id, identification_id, url_image, in_conservation) VALUES (14, 14, 'fourteen', true);